{"cameraMode":{"drawMode":0,"name":"Shaded","section":"Shading Mode"},"sceneLighting":true,"audioPlay":false,"sceneViewState":{"m_AlwaysRefresh":false,"showFog":true,"showSkybox":true,"showFlares":true,"showImageEffects":true,"showParticleSystems":true,"showVisualEffectGraphs":true,"m_FxEnabled":true},"in2DMode":false,"pivot":{"x":6.600000381469727,"y":1.2700002193450928,"z":-5.710000038146973},"rotation":{"x":0.0021372586488723757,"y":-0.7017809152603149,"z":0.0021051550284028055,"w":0.7123876214027405},"size":12.12435531616211,"orthographic":false}